{
  "force_update": {
    "en-us": "Your current version is below the minimum required version.The program will be closing shortly to complete the version update. Please restart later to use."
  },
  "notify_update": {
    "en-us": "Version {} available. Type in Y/N to continue or cancel update. Please note your nodes will stop working until update is complete."
  },
  "unlogged_in": {
    "en-us": "Please log in first."
  },
  "communicate_failed": {
    "en-us": "Failed to communicate with the service please try again later."
  },
  "client_start": {
    "en-us": "Client is starting up..."
  },
  "failed_connect_server": {
    "en-us": "Service failure after multiple connections."
  },
  "close_connect_server": {
    "en-us": "Service error occurs, client close."
  },
  "sudo_tips": {
    "en-us": "You should use sudo to execute the command."
  },
  "program_exit": {
    "en-us": "Wait a moment, the client is exiting..."
  },
  "tos_tips": {
    "en-us": "Please accept the Terms of service before continuing."
  },
  "continue_tips": {
    "en-us": "Press y to continue, n to exit."
  },
  "show_tos": {
    "en-us": "Press v to read the Terms of Service."
  },
  "invalid_input": {
    "en-us": "Invalid input."
  },
  "please_input": {
    "en-us": "Please input:",
    "zh-cn": "请输入：",
    "zh-tw": "",
    "zh-hk": ""
  },
  "user_input": {
    "en-us": "Your input:"
  },
  "initializing": {
    "en-us": "Initializing..."
  },
  "init_client_failed": {
    "en-us": "Init app failed"
  },
  "init_core_failed": {
    "en-us": "Initialize failed!"
  },
  "service_not_ready": {
    "en-us": "Checker service is not ready!"
  },
  "command_unsupport": {
    "en-us": "Command:{} not supported."
  },
  "have_no_wallet": {
    "en-us": "Please create a wallet (wallet create) or import a wallet with private key (wallet import). Please note that you can't import after creating a wallet."
  },
  "create_key_fail": {
    "en-us": "Create wallet failed:{}"
  },
  "wallet_exist_import": {
    "en-us": "You cannot import a wallet after having created one. You can get more information from ```wallet export```"
  },
  "wallet_exist_create": {
    "en-us": "You cannot create a wallet after having created one. You can get more information from ```wallet export```"
  },
  "wallet_no_exist": {
    "en-us": "You cannot export a wallet before having created one. You can get more information from ```wallet create```"
  },
  "have_no_running_pending": {
    "en-us": "To start running a node, go to your Portal ({}) to start the delegation process."
  },
  "login_fail": {
    "en-us": "Wallet auto login failed!"
  },
  "login_ok": {
    "en-us": "Wallet auto login success."
  },
  "have_no_running": {
    "en-us": "You have {} delegations pending.  To see more information, use ```Aethir license list --pending```"
  },
  "have_no_pending": {
    "en-us": "You have {} delegated licenses and {} nodes running right now."
  },
  "have_running_pending": {
    "en-us": "You have {} delegations pending. To see more information, use ```Aethir license list --pending```"
  },
  "current_private_key": {
    "en-us": "Current private key:\r\n{}"
  },
  "current_public_key": {
    "en-us": "Current public key:\r\n{}"
  },
  "license_empty": {
    "en-us": "Key to import is empty!"
  },
  "internal_error": {
    "en-us": "Internal error!!!"
  },
  "input_capacity": {
    "en-us": "Please input a value(1~100):"
  },
  "capacity_invalid": {
    "en-us": "Please make sure your number is valid and between 1 - 100."
  },
  "approved": {
    "en-us": "Approved. You have {} delegated licenses, {} pending."
  },
  "denied": {
    "en-us": "Denied. You have {} delegated licenses, {} pending."
  },
  "undelegated": {
    "en-us": "Undelegated. You have {} delegated licenses."
  },
  "key_cannot_import": {
    "en-us": "Please only import private keys previously generated by Aethir."
  },
  "license_approve": {
    "en-us": "To approve, use ```Aethir license approve [License ID] ```. To approve all, use ```Aethir license approve --all```"
  },
  "license_deny": {
    "en-us": "To deny, use ```Aethir license deny [License ID]```."
  },
  "license_undelegate": {
    "en-us": "To undelegate, use ```Aethir license undelegate [License ID] ```."
  },
  "license_deny_ensure": {
    "en-us": "Are you sure you want to deny delegation [{}]? Press y/Y to continue, else to cancel."
  },
  "license_undelegate_ensure": {
    "en-us": "Are you sure you want to undelegate [{}]? Press y/Y to continue, else to cancel."
  },
  "license_operation_success": {
    "en-us": "License operation {} success."
  },
  "license_operation_fail": {
    "en-us": "License operation {} fail, code:{}."
  },
  "license_list": {
    "en-us": "To get license list, use ```Aethir license list [--checking|--ready|--offline|--banned|--pending|--all]```"
  },
  "license_id_invalid": {
    "en-us": "Invalid license ID!"
  },
  "current_license_capacity": {
    "en-us": "Current license capacity:{}"
  },
  "setting_capacity_fail": {
    "en-us": "Setting {} fail, code:{}"
  },
  "setting_capacity_success": {
    "en-us": "Your capacity is now set to {}"
  },
  "check_version_fail": {
    "en-us": "Check new version failed:{}"
  },
  "no_new_version": {
    "en-us": "You are currently on the latest version!"
  },
  "check_wallet_failed": {
    "en-us": "Check weather wallet exist or not failed, make sure service is running."
  }
}